category_name,total_attendees,total_registered,engagement
Research,3,3,1.0
Entrepeneurship,5,6,0.8333333333333334
Networking,10,12,0.8333333333333334
Psychology,4,5,0.8
Workshops,6,10,0.6
SW Develop,13,23,0.5652173913043478
Technology,15,27,0.5555555555555556
Career Fairs,8,22,0.36363636363636365
Sustainability & Environment,10,29,0.3448275862068966
Leadership,3,9,0.3333333333333333
Sports,3,10,0.3
Hackathons & Competitions,7,33,0.21212121212121213
